[{"model": "admin.logentry", "pk": 2, "fields": {"action_time": "2025-11-06T05:39:48.803Z", "user": 7, "content_type": 4, "object_id": "5", "object_repr": "anish1212", "action_flag": 3, "change_message": ""}}, {"model": "admin.logentry", "pk": 3, "fields": {"action_time": "2025-11-06T05:40:02.143Z", "user": 7, "content_type": 4, "object_id": "3", "object_repr": "anis2424", "action_flag": 3, "change_message": ""}}, {"model": "admin.logentry", "pk": 4, "fields": {"action_time": "2025-11-06T05:40:06.654Z", "user": 7, "content_type": 4, "object_id": "4", "object_repr": "anis2324", "action_flag": 3, "change_message": ""}}, {"model": "admin.logentry", "pk": 5, "fields": {"action_time": "2025-11-06T05:46:39.439Z", "user": 7, "content_type": 4, "object_id": "2", "object_repr": "anis2323", "action_flag": 3, "change_message": ""}}, {"model": "admin.logentry", "pk": 6, "fields": {"action_time": "2025-11-14T09:19:32.011Z", "user": 11, "content_type": 11, "object_id": "2", "object_repr": "Report by anij1212 on Post 13", "action_flag": 2, "change_message": "[{\"changed\": {\"fields\": [\"Reply\"]}}]"}}, {"model": "admin.logentry", "pk": 7, "fields": {"action_time": "2025-11-17T05:43:22.245Z", "user": 11, "content_type": 11, "object_id": "3", "object_repr": "Report object (3)", "action_flag": 2, "change_message": "[{\"changed\": {\"fields\": [\"Reply\"]}}]"}}, {"model": "admin.logentry", "pk": 8, "fields": {"action_time": "2025-11-17T05:55:45.636Z", "user": 11, "content_type": 11, "object_id": "4", "object_repr": "Report object (4)", "action_flag": 2, "change_message": "[{\"changed\": {\"fields\": [\"Reply\"]}}]"}}, {"model": "admin.logentry", "pk": 9, "fields": {"action_time": "2025-12-17T05:34:14.433Z", "user": 11, "content_type": 11, "object_id": "6", "object_repr": "Report object (6)", "action_flag": 2, "change_message": "[{\"changed\": {\"fields\": [\"Reply\"]}}]"}}, {"model": "admin.logentry", "pk": 10, "fields": {"action_time": "2025-12-26T05:35:16.839Z", "user": 11, "content_type": 4, "object_id": "9", "object_repr": "guptaanish", "action_flag": 3, "change_message": ""}}, {"model": "admin.logentry", "pk": 11, "fields": {"action_time": "2025-12-26T05:35:22.665Z", "user": 11, "content_type": 4, "object_id": "10", "object_repr": "gupta", "action_flag": 3, "change_message": ""}}, {"model": "admin.logentry", "pk": 12, "fields": {"action_time": "2025-12-26T05:35:43.224Z", "user": 11, "content_type": 4, "object_id": "13", "object_repr": "ansh123", "action_flag": 3, "change_message": ""}}, {"model": "auth.permission", "pk": 1, "fields": {"name": "Can add log entry", "content_type": 1, "codename": "add_logentry"}}, {"model": "auth.permission", "pk": 2, "fields": {"name": "Can change log entry", "content_type": 1, "codename": "change_logentry"}}, {"model": "auth.permission", "pk": 3, "fields": {"name": "Can delete log entry", "content_type": 1, "codename": "delete_logentry"}}, {"model": "auth.permission", "pk": 4, "fields": {"name": "Can view log entry", "content_type": 1, "codename": "view_logentry"}}, {"model": "auth.permission", "pk": 5, "fields": {"name": "Can add permission", "content_type": 2, "codename": "add_permission"}}, {"model": "auth.permission", "pk": 6, "fields": {"name": "Can change permission", "content_type": 2, "codename": "change_permission"}}, {"model": "auth.permission", "pk": 7, "fields": {"name": "Can delete permission", "content_type": 2, "codename": "delete_permission"}}, {"model": "auth.permission", "pk": 8, "fields": {"name": "Can view permission", "content_type": 2, "codename": "view_permission"}}, {"model": "auth.permission", "pk": 9, "fields": {"name": "Can add group", "content_type": 3, "codename": "add_group"}}, {"model": "auth.permission", "pk": 10, "fields": {"name": "Can change group", "content_type": 3, "codename": "change_group"}}, {"model": "auth.permission", "pk": 11, "fields": {"name": "Can delete group", "content_type": 3, "codename": "delete_group"}}, {"model": "auth.permission", "pk": 12, "fields": {"name": "Can view group", "content_type": 3, "codename": "view_group"}}, {"model": "auth.permission", "pk": 13, "fields": {"name": "Can add user", "content_type": 4, "codename": "add_user"}}, {"model": "auth.permission", "pk": 14, "fields": {"name": "Can change user", "content_type": 4, "codename": "change_user"}}, {"model": "auth.permission", "pk": 15, "fields": {"name": "Can delete user", "content_type": 4, "codename": "delete_user"}}, {"model": "auth.permission", "pk": 16, "fields": {"name": "Can view user", "content_type": 4, "codename": "view_user"}}, {"model": "auth.permission", "pk": 17, "fields": {"name": "Can add content type", "content_type": 5, "codename": "add_contenttype"}}, {"model": "auth.permission", "pk": 18, "fields": {"name": "Can change content type", "content_type": 5, "codename": "change_contenttype"}}, {"model": "auth.permission", "pk": 19, "fields": {"name": "Can delete content type", "content_type": 5, "codename": "delete_contenttype"}}, {"model": "auth.permission", "pk": 20, "fields": {"name": "Can view content type", "content_type": 5, "codename": "view_contenttype"}}, {"model": "auth.permission", "pk": 21, "fields": {"name": "Can add session", "content_type": 6, "codename": "add_session"}}, {"model": "auth.permission", "pk": 22, "fields": {"name": "Can change session", "content_type": 6, "codename": "change_session"}}, {"model": "auth.permission", "pk": 23, "fields": {"name": "Can delete session", "content_type": 6, "codename": "delete_session"}}, {"model": "auth.permission", "pk": 24, "fields": {"name": "Can view session", "content_type": 6, "codename": "view_session"}}, {"model": "auth.permission", "pk": 25, "fields": {"name": "Can add post", "content_type": 7, "codename": "add_post"}}, {"model": "auth.permission", "pk": 26, "fields": {"name": "Can change post", "content_type": 7, "codename": "change_post"}}, {"model": "auth.permission", "pk": 27, "fields": {"name": "Can delete post", "content_type": 7, "codename": "delete_post"}}, {"model": "auth.permission", "pk": 28, "fields": {"name": "Can view post", "content_type": 7, "codename": "view_post"}}, {"model": "auth.permission", "pk": 29, "fields": {"name": "Can add like", "content_type": 8, "codename": "add_like"}}, {"model": "auth.permission", "pk": 30, "fields": {"name": "Can change like", "content_type": 8, "codename": "change_like"}}, {"model": "auth.permission", "pk": 31, "fields": {"name": "Can delete like", "content_type": 8, "codename": "delete_like"}}, {"model": "auth.permission", "pk": 32, "fields": {"name": "Can view like", "content_type": 8, "codename": "view_like"}}, {"model": "auth.permission", "pk": 33, "fields": {"name": "Can add comment", "content_type": 9, "codename": "add_comment"}}, {"model": "auth.permission", "pk": 34, "fields": {"name": "Can change comment", "content_type": 9, "codename": "change_comment"}}, {"model": "auth.permission", "pk": 35, "fields": {"name": "Can delete comment", "content_type": 9, "codename": "delete_comment"}}, {"model": "auth.permission", "pk": 36, "fields": {"name": "Can view comment", "content_type": 9, "codename": "view_comment"}}, {"model": "auth.permission", "pk": 37, "fields": {"name": "Can add profile", "content_type": 10, "codename": "add_profile"}}, {"model": "auth.permission", "pk": 38, "fields": {"name": "Can change profile", "content_type": 10, "codename": "change_profile"}}, {"model": "auth.permission", "pk": 39, "fields": {"name": "Can delete profile", "content_type": 10, "codename": "delete_profile"}}, {"model": "auth.permission", "pk": 40, "fields": {"name": "Can view profile", "content_type": 10, "codename": "view_profile"}}, {"model": "auth.permission", "pk": 41, "fields": {"name": "Can add report", "content_type": 11, "codename": "add_report"}}, {"model": "auth.permission", "pk": 42, "fields": {"name": "Can change report", "content_type": 11, "codename": "change_report"}}, {"model": "auth.permission", "pk": 43, "fields": {"name": "Can delete report", "content_type": 11, "codename": "delete_report"}}, {"model": "auth.permission", "pk": 44, "fields": {"name": "Can view report", "content_type": 11, "codename": "view_report"}}, {"model": "auth.permission", "pk": 45, "fields": {"name": "Can add notification", "content_type": 12, "codename": "add_notification"}}, {"model": "auth.permission", "pk": 46, "fields": {"name": "Can change notification", "content_type": 12, "codename": "change_notification"}}, {"model": "auth.permission", "pk": 47, "fields": {"name": "Can delete notification", "content_type": 12, "codename": "delete_notification"}}, {"model": "auth.permission", "pk": 48, "fields": {"name": "Can view notification", "content_type": 12, "codename": "view_notification"}}, {"model": "auth.permission", "pk": 49, "fields": {"name": "Can add story", "content_type": 13, "codename": "add_story"}}, {"model": "auth.permission", "pk": 50, "fields": {"name": "Can change story", "content_type": 13, "codename": "change_story"}}, {"model": "auth.permission", "pk": 51, "fields": {"name": "Can delete story", "content_type": 13, "codename": "delete_story"}}, {"model": "auth.permission", "pk": 52, "fields": {"name": "Can view story", "content_type": 13, "codename": "view_story"}}, {"model": "auth.user", "pk": 1, "fields": {"password": "pbkdf2_sha256$1000000$rkyv2y7TPzJH15sicYDJ2t$9ifKyjyIo2q/wWuDAwpzp8geeT1/c+0xNEhSHnMxxug=", "last_login": null, "is_superuser": true, "username": "anis12", "first_name": "", "last_name": "", "email": "anis@gmail.com", "is_staff": true, "is_active": true, "date_joined": "2025-10-30T05:15:34.988Z", "groups": [], "user_permissions": []}}, {"model": "auth.user", "pk": 6, "fields": {"password": "pbkdf2_sha256$870000$ShGjdTu19WS5hJiR3x2RAQ$aogXtOocbP1GMqINrZcccjLc1qsPDs0/NWU2R7Y5OL0=", "last_login": "2026-01-05T05:45:30.942Z", "is_superuser": false, "username": "anij1212", "first_name": "", "last_name": "", "email": "ASasx@gmail.com", "is_staff": false, "is_active": true, "date_joined": "2025-11-05T05:49:24.639Z", "groups": [], "user_permissions": []}}, {"model": "auth.user", "pk": 7, "fields": {"password": "pbkdf2_sha256$870000$a1CHrd29kNiz4mDBkgEPrb$A9fmuOIwV7Dg7juf5twgcZHSXx1bwhHQfJMBVfgOaAM=", "last_login": "2025-11-06T05:46:28.635Z", "is_superuser": true, "username": "ani12345", "first_name": "", "last_name": "", "email": "", "is_staff": true, "is_active": true, "date_joined": "2025-11-06T05:38:33.435Z", "groups": [], "user_permissions": []}}, {"model": "auth.user", "pk": 8, "fields": {"password": "pbkdf2_sha256$870000$qV7n8qXtqF4MmqMAQw2fXV$n0YQ2BeuuVQ55rLP5gGG75bBj6pQwO4l6hQjH9AHkxs=", "last_login": "2025-12-26T05:25:46.974Z", "is_superuser": false, "username": "ani1212", "first_name": "", "last_name": "", "email": "asindia96625@gmail.com", "is_staff": false, "is_active": true, "date_joined": "2025-11-06T05:42:48.833Z", "groups": [], "user_permissions": []}}, {"model": "auth.user", "pk": 11, "fields": {"password": "pbkdf2_sha256$870000$JNnipXzVfDat7kSzkgOf2d$u6dRvdTXzPejjwZYKrb5Q7WWUhqB9NEENno1l6IQ3g0=", "last_login": "2025-12-30T05:46:34.082Z", "is_superuser": true, "username": "ag", "first_name": "", "last_name": "", "email": "", "is_staff": true, "is_active": true, "date_joined": "2025-11-13T05:25:13.913Z", "groups": [], "user_permissions": []}}, {"model": "auth.user", "pk": 12, "fields": {"password": "pbkdf2_sha256$1000000$D236VSDDYu2uPEZJZl94VE$gbsZSwT6MvkvwiDE7mh6Cy/Bcwee7kUImNWTXEZuFag=", "last_login": null, "is_superuser": false, "username": "anish123", "first_name": "", "last_name": "", "email": "anish@gmail.com", "is_staff": false, "is_active": true, "date_joined": "2025-11-14T08:44:09.665Z", "groups": [], "user_permissions": []}}, {"model": "auth.user", "pk": 14, "fields": {"password": "pbkdf2_sha256$1000000$IfV91IeP3n3FmxzFj0mJnE$BPk4iS3D2I8XCTeQ/yOH2m5jEvSrNODZVTnu7v5ggEU=", "last_login": "2025-12-02T07:43:51.953Z", "is_superuser": false, "username": "ag123123", "first_name": "", "last_name": "", "email": "anish.ag@gmail.com", "is_staff": false, "is_active": true, "date_joined": "2025-12-02T07:33:25.827Z", "groups": [], "user_permissions": []}}, {"model": "auth.user", "pk": 15, "fields": {"password": "pbkdf2_sha256$870000$sHTZ55y1RTRQoTsEBW1C2h$W48E6T7yW2S6VV8Z0WWlJlb4dpe4oD/pWizkoAJprN4=", "last_login": "2025-12-08T05:40:40.985Z", "is_superuser": false, "username": "anirudh1212", "first_name": "", "last_name": "", "email": "anirudh12@gmail.com", "is_staff": false, "is_active": true, "date_joined": "2025-12-08T05:38:05.058Z", "groups": [], "user_permissions": []}}, {"model": "auth.user", "pk": 16, "fields": {"password": "pbkdf2_sha256$870000$sAQGsEpRMnaSbIK69WFFqt$dF7YOSiZekERWYh+psqqpfjO5G/myQmbxJltBAlFk44=", "last_login": "2025-12-17T04:58:25.071Z", "is_superuser": false, "username": "anii1313", "first_name": "", "last_name": "", "email": "anii13@gmail.com", "is_staff": false, "is_active": true, "date_joined": "2025-12-17T04:58:09.030Z", "groups": [], "user_permissions": []}}, {"model": "auth.user", "pk": 17, "fields": {"password": "pbkdf2_sha256$870000$8bo2nFtZCVulOnEFIhk4rV$6Lhnn2nHzPo4XHijB7Rs8iJoRqDvOXmmFGhuG8megpY=", "last_login": "2025-12-26T05:25:19.735Z", "is_superuser": false, "username": "anish2020", "first_name": "", "last_name": "", "email": "", "is_staff": false, "is_active": true, "date_joined": "2025-12-26T05:23:45.881Z", "groups": [], "user_permissions": []}}, {"model": "auth.user", "pk": 18, "fields": {"password": "pbkdf2_sha256$870000$pWUWDy8hmgeCGTzvNsY1w6$dPMHy61zqYfapGTi1X0S6u66DBtDplh2FOSh/3yM2j4=", "last_login": null, "is_superuser": true, "username": "at", "first_name": "", "last_name": "", "email": "", "is_staff": true, "is_active": true, "date_joined": "2025-12-30T06:22:29.842Z", "groups": [], "user_permissions": []}}, {"model": "auth.user", "pk": 19, "fields": {"password": "pbkdf2_sha256$870000$IO0Xgf5XSgSO0osbOBjhba$v5LfHxCtJ994IHDLwm34pmhJAtCr9XQRWFAkVEpid2E=", "last_login": "2026-01-05T06:08:17.895Z", "is_superuser": true, "username": "agt", "first_name": "", "last_name": "", "email": "", "is_staff": true, "is_active": true, "date_joined": "2026-01-05T06:07:53.558Z", "groups": [], "user_permissions": []}}, {"model": "contenttypes.contenttype", "pk": 1, "fields": {"app_label": "admin", "model": "logentry"}}, {"model": "contenttypes.contenttype", "pk": 2, "fields": {"app_label": "auth", "model": "permission"}}, {"model": "contenttypes.contenttype", "pk": 3, "fields": {"app_label": "auth", "model": "group"}}, {"model": "contenttypes.contenttype", "pk": 4, "fields": {"app_label": "auth", "model": "user"}}, {"model": "contenttypes.contenttype", "pk": 5, "fields": {"app_label": "contenttypes", "model": "contenttype"}}, {"model": "contenttypes.contenttype", "pk": 6, "fields": {"app_label": "sessions", "model": "session"}}, {"model": "contenttypes.contenttype", "pk": 7, "fields": {"app_label": "posts", "model": "post"}}, {"model": "contenttypes.contenttype", "pk": 8, "fields": {"app_label": "posts", "model": "like"}}, {"model": "contenttypes.contenttype", "pk": 9, "fields": {"app_label": "posts", "model": "comment"}}, {"model": "contenttypes.contenttype", "pk": 10, "fields": {"app_label": "posts", "model": "profile"}}, {"model": "contenttypes.contenttype", "pk": 11, "fields": {"app_label": "posts", "model": "report"}}, {"model": "contenttypes.contenttype", "pk": 12, "fields": {"app_label": "posts", "model": "notification"}}, {"model": "contenttypes.contenttype", "pk": 13, "fields": {"app_label": "posts", "model": "story"}}, {"model": "sessions.session", "pk": "10mc49801ch0uemtg9as6uy0qs8q4e0k", "fields": {"session_data": "e30:1vIhhC:iwDhPi2Oo1te0zzfIivpD4RKpy3lOaHtJ5671ZJnJ2I", "expire_date": "2025-11-25T06:17:38.215Z"}}, {"model": "sessions.session", "pk": "2tv9cftw6kybs5bqgl9irfh0cro4o4bv", "fields": {"session_data": ".eJxVjDsOwyAQRO9CHSHzMZ-U6X0GtLBscBKBZOwqyt1jSy6SbjTvzbxZgG0tYet5CTOyK3Ps8ttFSM9cD4APqPfGU6vrMkd-KPyknU8N8-t2un8HBXrZ12SjFBoHk3E0SfuBfPYKyaloHUpPRoHUakxCU7IEe1I-ovHRCeOMZp8v6583yQ:1vPDPP:Gsunez14y9hbjR4ZbVipTgWzavQ1yG9pxMB42lEjGbg", "expire_date": "2025-12-13T05:22:11.926Z"}}, {"model": "sessions.session", "pk": "68vy6rkxdn0wz5cie7cu53dd733vzaaz", "fields": {"session_data": ".eJxVjDsOwjAQBe_iGln-y6ak5wzW7nqNA8iR4qRC3B0ipYD2zcx7iQzb2vI2eMlTEWcRxOl3Q6AH9x2UO_TbLGnu6zKh3BV50CGvc-Hn5XD_DhqM9q29ddECAcUaEQAtKss2-VSLS5pJORNLcTY4gliToaBN9I61CYgKWbw_9i84Lg:1vQL2O:aAjZO-X1ekX7gdl6kbGoZp09LffSHk7vn010LL9Qp4c", "expire_date": "2025-12-16T07:43:04.672Z"}}, {"model": "sessions.session", "pk": "7h946gbdhgociq5b1ktd4sdivgvqgypi", "fields": {"session_data": ".eJxVjMEOwiAQRP-FsyFIy8J69O43EBYWqRpISnsy_rtt0oPeJvPezFv4sC7Fr51nPyVxEU6cfjsK8cl1B-kR6r3J2OoyTyR3RR60y1tL_Loe7t9BCb1saxwVMmjL9pwN6jw4TWAxRSDLAAgaMSkcDRqbmDWz2hLlgcAFICM-X8WaN1k:1vJnsv:O9IVyG1l59mT_5BBNt3ban794PvZR6xVEJeAgciPNwI", "expire_date": "2025-11-28T07:06:17.794Z"}}, {"model": "sessions.session", "pk": "887ygzht3b6aizj2eyafrt2r0a6n84sc", "fields": {"session_data": ".eJxVjMEOwiAQRP-FsyFIy8J69O43EBYWqRpISnsy_rtt0oPeJvPezFv4sC7Fr51nPyVxEU6cfjsK8cl1B-kR6r3J2OoyTyR3RR60y1tL_Loe7t9BCb1saxwVMmjL9pwN6jw4TWAxRSDLAAgaMSkcDRqbmDWz2hLlgcAFICM-X8WaN1k:1vJq7S:rbXdSfhbj9mrqofmWZBba_6r4IcZ1KWw6wf-GnWFRxk", "expire_date": "2025-11-28T09:29:26.286Z"}}, {"model": "sessions.session", "pk": "8kp7vehrawksiiq7fjbhsfoo3d257mpc", "fields": {"session_data": ".eJxVjEEOwiAQRe_C2pAyA4W6dO8ZyMCAVA0kpV0Z765NutDtf-_9l_C0rcVvPS1-ZnEWTpx-t0DxkeoO-E711mRsdV3mIHdFHrTLa-P0vBzu30GhXr71YAdM0WpNozEOMmmD0UwOIYYxgCMFjCZkBWgZEmdFSiECGFY8WRbvD8Z7NzI:1vQKsf:QMjobWBqU_92YX05aUJLjRu9DR5Dr3PidRoAjDO_F1M", "expire_date": "2025-12-16T07:33:01.380Z"}}, {"model": "sessions.session", "pk": "ci4lfc6rysysptjk96a88qmkwttkzrq0", "fields": {"session_data": ".eJxVjMsOwiAQRf-FtSGUNy7d-w1kBgapGkhKuzL-uzbpQrf3nHNfLMK21rgNWuKc2Zl5dvrdENKD2g7yHdqt89TbuszId4UfdPBrz_S8HO7fQYVRv7UMMhspAyahvUGkCYSflHfFF7IaRSkWpTFB-ywQ0QVFpRCBDTo5odj7A987OBY:1vQKsd:SxhXpltlymnWfd891Epvb8pWlooVpScVQJYRCsl2ACE", "expire_date": "2025-12-16T07:32:59.786Z"}}, {"model": "sessions.session", "pk": "daz3gtdzh7e0gduh4e56xmp7qlqcmka6", "fields": {"session_data": ".eJxVjEEOwiAQRe_C2hCgDAWX7nsGAjOjVA0kpV0Z765NutDtf-_9l4hpW0vcOi9xJnEWTpx-t5zwwXUHdE_11iS2ui5zlrsiD9rl1Iifl8P9Oyipl28NgzNE2XplMWmNPDIxEHsLA1oyBhBUgCuyoiF4S8CgjR2dJhU0sXh_AOxoN9Q:1vGt3w:lvU8udu97J9n33YzOz0gY0o58S2X-jMonNUk9brafS4", "expire_date": "2025-11-20T06:01:36.182Z"}}, {"model": "sessions.session", "pk": "hhn0e164d4ltm7lndoq10rm4c4dm75ew", "fields": {"session_data": ".eJxVjEsOwiAUAO_C2hBa_i7d9wzkwXtI1UBS2pXx7oakC93OTObNAhx7CUenLazIrsywyy-LkJ5Uh8AH1HvjqdV9WyMfCT9t50tDet3O9m9QoJexnYwiO7uUsweIymmbpNGQrUSByWfho6cMRGTErCWlCZRW0WkjnETPPl_6ADhM:1vaSYU:KLQUqEZmk__tyU54Qb4X9TGt0_CPZ9eNxuGs0tP3k1c", "expire_date": "2026-01-13T05:46:02.748Z"}}, {"model": "sessions.session", "pk": "igw5svq6wpif2sob3tlu9kt2z5vmbtek", "fields": {"session_data": ".eJxVjM0OwiAQhN-FsyFly8_i0bvPQBaWStXQpLQn47srSQ96m8z3zbxEoH0rYW95DTOLs1BKnH7LSOmRayd8p3pbZFrqts5RdkUetMnrwvl5Ody_g0KtfNfZGQSPQNYMCEkhRQa2PZLXFsjjkCyx5tHwxMqBjpMemZ0GdMqK9wfvOjd7:1vJpdu:okwsV0pAPPO3OWzf4r8ScAG7d77jzCSQPp6p6g-oS8Y", "expire_date": "2025-11-28T08:58:54.436Z"}}, {"model": "sessions.session", "pk": "il8nnq9ghilfuimq5ta9eql1ikx3ibrs", "fields": {"session_data": ".eJxVjEEOwiAQRe_C2hCgDAWX7nsGAjOjVA0kpV0Z765NutDtf-_9l4hpW0vcOi9xJnEWTpx-t5zwwXUHdE_11iS2ui5zlrsiD9rl1Iifl8P9Oyipl28NgzNE2XplMWmNPDIxEHsLA1oyBhBUgCuyoiF4S8CgjR2dJhU0sXh_AOxoN9Q:1vJQOo:ZwuJOe_R8HA03H7pCQCxgdfNL-zqudHH6SR_SbIjQN8", "expire_date": "2025-11-27T06:01:38.189Z"}}, {"model": "sessions.session", "pk": "jhkkdvq91oqhvc178vivlr5xl9qc39n1", "fields": {"session_data": ".eJxVjDsOwjAQBe_iGlmO1x-Wkj5nsHb9wQHkSHFSIe4OkVJA-2bmvUSgba1h63kJUxIX4cTpd2OKj9x2kO7UbrOMc1uXieWuyIN2Oc4pP6-H-3dQqddvzcXlCNZ6MhojAmSOBOVsvdGO7OAVKkxowRk9gMoWyBRGVZxHxamI9wfXeDdS:1vMJTS:X-0qiQ7UyircqUNEszYomqpVk4pDzPk2AjhjBBXRqtM", "expire_date": "2025-12-05T05:14:22.360Z"}}, {"model": "sessions.session", "pk": "nnykbr5scgcxvpjohasn7tmf728sfz9q", "fields": {"session_data": ".eJxVjDsOwjAQRO_iGlkJ2fWHkp4zWLtrGweQI8VJhbg7iZQCypn3Zt4q0LqUsLY0hzGqizLq9NsxyTPVHcQH1fukZarLPLLeFX3Qpm9TTK_r4f4dFGplWyO47KIj6QUtZjDnwTtxQFs2yEhgE3jIpvOSvO2QufdDMsA5o2dSny_WlTfK:1vKreo:nmdkLTUphD-yQFm_S3r_frKZZf343YlWvpnNVA7ahCw", "expire_date": "2025-12-01T05:20:06.479Z"}}, {"model": "sessions.session", "pk": "pfdz771tier0aka9opx1bii9orimfrjn", "fields": {"session_data": ".eJxVjEEOwiAQRe_C2pBpB4Fx6b5naIbCSNVAUtqV8e7apAvd_vfef6mRtzWPW0vLOEd1UV6dfrfA0yOVHcQ7l1vVUy3rMge9K_qgTQ81puf1cP8OMrf8rTGCj2cMTAYxUSJvhEEi9E6AgDCABMDOGkHrrGU01AmJ9yxCvVPvD9fLN2I:1vKrf6:NmYxLaFGVoJz0F3fQ9OFwkVkXajKfed9VFuAZHEteDA", "expire_date": "2025-12-01T05:20:24.291Z"}}, {"model": "sessions.session", "pk": "q9owq8oxixw4elh2wtntjw8wtevhjglg", "fields": {"session_data": ".eJxVjEsOAiEQBe_C2hA-MjQu3c8ZSNMNMmogmc_KeHedZBa6fVX1XiLitta4LXmOE4uL0EGcfseE9MhtJ3zHduuSelvnKcldkQdd5Ng5P6-H-3dQcanf-oy6GOUIEjHabEiBsTqhK-AyWGDM7AcDHnAoqkDwFJANWAIbBmXF-wMa6DgZ:1vcdlJ:MgR7AXDDjjei-7f3Y2vGoZuzqoF7RUloLh-rv9f5jgg", "expire_date": "2026-01-19T06:08:17.908Z"}}, {"model": "sessions.session", "pk": "qod3otybm08kbmio8xs7ilo0rxxk3qn2", "fields": {"session_data": ".eJxVjEsOwiAUAO_C2hBa_i7d9wzkwXtI1UBS2pXx7oakC93OTObNAhx7CUenLazIrsywyy-LkJ5Uh8AH1HvjqdV9WyMfCT9t50tDet3O9m9QoJexnYwiO7uUsweIymmbpNGQrUSByWfho6cMRGTErCWlCZRW0WkjnETPPl_6ADhM:1vXXrS:Q_nHzSTbeSf_k6g2-A8l0vvqsqwhR9udtqhIXhZMuQQ", "expire_date": "2026-01-05T04:49:34.059Z"}}, {"model": "sessions.session", "pk": "sz1tofthb6utcqb7yjuw0ww8b9umy7i4", "fields": {"session_data": ".eJxVjDsOwjAQBe_iGln-bWRT0nMGa9de4wBypDipIu5OIqWA9s3M20TEdalx7TzHMYur8OLyuxGmF7cD5Ce2xyTT1JZ5JHko8qRd3qfM79vp_h1U7HWvTVEUlIKcwTlbjLcwuOIUeRrAGpWKL6TZARIHsE7vli6MBFoHRi8-X8xCN2o:1vJnpY:sTS_SlR9Y_Gukg6CRXGm3TVCY0MTzGr7rAUkok9qbfM", "expire_date": "2025-11-28T07:02:48.082Z"}}, {"model": "sessions.session", "pk": "y3qzcwoyx4yjk0qfgzhivegt0r2y43hr", "fields": {"session_data": "e30:1vIhgb:DZN-VcWIfNMhIQSQ7UuZOlodP0hcki797tWb4u7S8v4", "expire_date": "2025-11-25T06:17:01.786Z"}}, {"model": "sessions.session", "pk": "yt6y88h4ojxujpur2rsjw2tia860x7ci", "fields": {"session_data": ".eJxVjEEOwiAQRe_C2hCgDAWX7nsGAjOjVA0kpV0Z765NutDtf-_9l4hpW0vcOi9xJnEWTpx-t5zwwXUHdE_11iS2ui5zlrsiD9rl1Iifl8P9Oyipl28NgzNE2XplMWmNPDIxEHsLA1oyBhBUgCuyoiF4S8CgjR2dJhU0sXh_AOxoN9Q:1vGrrx:aS1R4r4LUw89XDH1zvCTs412we_mgpdBhRkh2BULzVA", "expire_date": "2025-11-20T04:45:09.111Z"}}, {"model": "posts.profile", "pk": 2, "fields": {"user": 6, "profile_image": "profile_images/images_1_5ZC511L.jfif", "bio": "jeakyyyyyyyyyyyyyyyyy", "followers": [8], "following": [8]}}, {"model": "posts.profile", "pk": 3, "fields": {"user": 8, "profile_image": "profile_images/images.jfif", "bio": "iggggg go", "followers": [6, 17], "following": [6, 14]}}, {"model": "posts.profile", "pk": 5, "fields": {"user": 11, "profile_image": "default.png", "bio": "", "followers": [], "following": []}}, {"model": "posts.profile", "pk": 6, "fields": {"user": 12, "profile_image": "default.png", "bio": "", "followers": [], "following": []}}, {"model": "posts.profile", "pk": 8, "fields": {"user": 14, "profile_image": "profile_images/images_1.jfif", "bio": "ommmmmmm", "followers": [8], "following": []}}, {"model": "posts.profile", "pk": 9, "fields": {"user": 15, "profile_image": "profile_images/Screenshot_5.png", "bio": "adhuiasgdfyuigasyfuig", "followers": [], "following": []}}, {"model": "posts.profile", "pk": 10, "fields": {"user": 16, "profile_image": "default.jpg", "bio": "", "followers": [], "following": []}}, {"model": "posts.profile", "pk": 11, "fields": {"user": 17, "profile_image": "profile_images/Capture_VozNYpY.JPG", "bio": "aniiiiiiiiiiiiiiiii", "followers": [], "following": [8]}}, {"model": "posts.profile", "pk": 12, "fields": {"user": 18, "profile_image": "default.jpg", "bio": "", "followers": [], "following": []}}, {"model": "posts.profile", "pk": 13, "fields": {"user": 19, "profile_image": "default.jpg", "bio": "", "followers": [], "following": []}}, {"model": "posts.post", "pk": 10, "fields": {"user": 6, "image": "posts/images_3_EfFftt1.jfif", "caption": "xbDHBsDFHfhF", "created_at": "2025-11-05T06:02:32.680Z", "likes": [6, 7, 8, 11]}}, {"model": "posts.post", "pk": 12, "fields": {"user": 8, "image": "posts/download.jfif", "caption": "bulkdddddoihdh", "created_at": "2025-11-06T05:44:09.245Z", "likes": [6, 7, 8]}}, {"model": "posts.post", "pk": 13, "fields": {"user": 8, "image": "posts/astronaut-outer-space-d-render-81348925.webp", "caption": "spaceeeeee", "created_at": "2025-11-06T05:59:34.133Z", "likes": [6, 8]}}, {"model": "posts.post", "pk": 15, "fields": {"user": 6, "image": "posts/Italy2B-23-Edit-Edit_Nc8Dyrs.webp", "caption": "italy postedddd by", "created_at": "2025-11-06T06:03:07.581Z", "likes": [6, 8]}}, {"model": "posts.post", "pk": 17, "fields": {"user": 6, "image": "posts/BMW_M2_2016.png", "caption": "bmw", "created_at": "2025-11-14T06:59:09.253Z", "likes": [6, 8, 15]}}, {"model": "posts.post", "pk": 18, "fields": {"user": 8, "image": "posts/1969-ford-mustang-fastback.jfif", "caption": "1969 FORD", "created_at": "2025-11-22T05:02:35.801Z", "likes": [6, 8]}}, {"model": "posts.post", "pk": 20, "fields": {"user": 14, "image": "posts/images_2_HNdPuwH.jfif", "caption": "agggggafsffsdfxjh", "created_at": "2025-12-02T07:44:16.025Z", "likes": [6, 8, 14]}}, {"model": "posts.post", "pk": 21, "fields": {"user": 8, "image": "posts/Screenshot_5_0llnMf0.png", "caption": "jasgdugasjhugdjhkgsajhf", "created_at": "2025-12-08T05:32:03.969Z", "likes": [6, 8, 15]}}, {"model": "posts.post", "pk": 22, "fields": {"user": 6, "image": "posts/images_1_JRheIpH.jfif", "caption": "surtiiissssss", "created_at": "2025-12-17T06:37:03.332Z", "likes": [6]}}, {"model": "posts.post", "pk": 27, "fields": {"user": 6, "image": "posts/Screenshot_27.png", "caption": "aFSDFsdfd", "created_at": "2026-01-01T05:30:11.715Z", "likes": [6]}}, {"model": "posts.comment", "pk": 24, "fields": {"user": 8, "post": 12, "content": "FsaffffffFSF", "created_at": "2025-11-06T05:57:19.582Z"}}, {"model": "posts.comment", "pk": 25, "fields": {"user": 6, "post": 15, "content": "anhfsfufaiyhohs", "created_at": "2025-11-10T05:47:13.482Z"}}, {"model": "posts.comment", "pk": 26, "fields": {"user": 6, "post": 15, "content": "eotu;owutoiyhhfo;dh ", "created_at": "2025-11-10T05:47:23.411Z"}}, {"model": "posts.comment", "pk": 27, "fields": {"user": 6, "post": 15, "content": "ddddddddddddddddsad", "created_at": "2025-11-10T05:50:27.230Z"}}, {"model": "posts.comment", "pk": 31, "fields": {"user": 6, "post": 17, "content": "whdihuewfhhkjefhh", "created_at": "2025-11-14T06:59:22.083Z"}}, {"model": "posts.comment", "pk": 32, "fields": {"user": 8, "post": 18, "content": "abnhjkhlsgi", "created_at": "2025-11-22T05:02:44.281Z"}}, {"model": "posts.comment", "pk": 33, "fields": {"user": 6, "post": 13, "content": "dasdFFWFqwcdrgh", "created_at": "2025-12-02T04:54:48.006Z"}}, {"model": "posts.comment", "pk": 34, "fields": {"user": 6, "post": 18, "content": "sdfaaddiyfyua", "created_at": "2025-12-02T04:55:21.024Z"}}, {"model": "posts.comment", "pk": 36, "fields": {"user": 6, "post": 18, "content": "yh", "created_at": "2025-12-18T06:06:22.763Z"}}, {"model": "posts.comment", "pk": 37, "fields": {"user": 6, "post": 18, "content": "wdfsaFASF", "created_at": "2025-12-18T06:17:24.442Z"}}, {"model": "posts.comment", "pk": 44, "fields": {"user": 6, "post": 22, "content": "wqdfqfqef", "created_at": "2025-12-19T05:32:23.970Z"}}, {"model": "posts.comment", "pk": 45, "fields": {"user": 6, "post": 22, "content": "dscfdscxcx", "created_at": "2025-12-19T05:32:52.522Z"}}, {"model": "posts.report", "pk": 1, "fields": {"post": 13, "reported_by": 6, "reason": "uasdfdfayudfuafgfuy", "reply": null, "created_at": "2025-11-11T05:53:12.119Z", "is_read": false}}, {"model": "posts.report", "pk": 2, "fields": {"post": 13, "reported_by": 6, "reason": "misss useeesblljbhl AGckg", "reply": "okeyyy i will see this", "created_at": "2025-11-14T09:10:46.823Z", "is_read": true}}, {"model": "posts.report", "pk": 3, "fields": {"post": 13, "reported_by": 6, "reason": "asgKDGHUSAGFHUGHDGFT", "reply": "okeyy gdgsg you", "created_at": "2025-11-17T05:42:45.652Z", "is_read": true}}, {"model": "posts.report", "pk": 4, "fields": {"post": 17, "reported_by": 8, "reason": "anihhhhhhhhhhhhhhhhgh dsgsgdh sdh", "reply": "saqaqaqdffasfff", "created_at": "2025-11-17T05:55:23.040Z", "is_read": true}}, {"model": "posts.report", "pk": 5, "fields": {"post": 17, "reported_by": 8, "reason": "aaaaaaaaaaaaaaaa", "reply": null, "created_at": "2025-11-17T06:06:57.872Z", "is_read": false}}, {"model": "posts.report", "pk": 6, "fields": {"post": 21, "reported_by": 6, "reason": "nottt workinngghggqwh", "reply": "okkkey thenn", "created_at": "2025-12-17T05:33:26.561Z", "is_read": true}}, {"model": "posts.story", "pk": 13, "fields": {"user": 6, "image": "stories/images_4.jfif", "created_at": "2025-12-26T05:21:37.412Z", "views": [8, 17]}}, {"model": "posts.story", "pk": 15, "fields": {"user": 17, "image": "stories/if99p302_med.jpg", "created_at": "2025-12-26T05:25:27.391Z", "views": []}}]